{"Tn3xitvYKy5vFVeZFxH4lg==":"tim-bennett-owvrb-m3gwe-unsplash-1980x1485.jpg","mw4GoFZ2eqrRMoYwWod3KA==":"pexels-kindel-media-7688658.jpg","NjutRF0dzXnFpg0/pTJJSA==":"3112.jpg","2tPfJZGUeQyy8Zze2gLQbg==":"axonn-image-social-media-hashtag-1-1024x626.jpg","b7OO6GaoPEIlX4QFFssOWw==":"4311.jpg","UnQx1Aa5kKa4EoEcd/ENRA==":"2022_crie_riqueza_icon-365x365.png","L0qhkObkrihOH1SaxmK88w==":"47230076_331323147692916_299108506110263296_n-128x128.png","ES35Dw9o+SjEzE5wenEUrA==":"2022_crie_riqueza_icon-143x143.png","3/ipDmJyi80o5Z2k2affMw==":"snapinsta.app_1080_302146428_431037058846086_702782254631669350_n-1067x1067.png","oaynnwrUC1XnB8YBXA7wMQ==":"2017-12-10-598x598.png","V12RXJi6a4uOztA29Jj7Dw==":"snapinsta.app_1080_316791957_200193212485249_8910894040644412792_n-1-598x598.png","Y5qJbfndpnsLNKIEKexpug==":"snapinsta.app_1080_46065551_151405832496067_3565369926877079095_n-1-598x398.png","GMDiXNHp/baSRe0VfOYnrw==":"284270110_100280576047711_1738402315723546720_n-128x128.png","vUz5AgXqMdrrwV/uNX9Lrg==":"picwish%20(1)-1067x1067.png","co8ODQtDUsvUuHpYEqT8Tg==":"2017-12-10%20(1)-853x853.png","cpdeYcPD8X0Z2BVsvhQblw==":"2017-12-10%20(1)-853x853.png","8jRl2iWuoEqsLELExnn7/g==":"284270110_100280576047711_1738402315723546720_n-820x820.png","fKqeOGJeiOBG/5Vc/AWTNg==":"mbr-600x600.jpg","zPf4NooBrX0ppOmJu+hsNQ==":"mbr-600x450.jpg","RxgRBvBRnkDYjHZSgFgMyg==":"snapinsta.app_1080_66074379_144600529934127_3143421981832076197_n-1080x720.jpg","+kk6yVyAt/MLrHYj+lAiIg==":"snapinsta.app_1080_325287223_1338889386927310_7550523055550231800_n-1080x720.jpg","J0z9H0rNkWncnLv461vA3A==":"snapinsta.app_1080_324560057_875998863517943_9069510715935035402_n-1080x722.jpg","yXJ3e5fgamEUUhQL/INMag==":"snapinsta.app_1080_324569580_501367562119060_3049261347837157207_n-1080x722.jpg","kFVUpQxUTSfpzArQatDNLQ==":"62272139_1215024272010758_6499669610713841664_n-1080x565.jpg","Am2+BCr3/qFiynBsBqmr1w==":"2017-12-10%20(1)-853x853.png","i/Nzdse7qg6oLMwiF0igOw==":"snapinsta.app_1080_324724061_872025037406580_5382869811273608280_n-579x387.jpg","lDU7s5mGRjZG+5lemnukhw==":"284189321_100276192714816_827985584341933676_n-1280x720.jpg","EclV/nVxYkxxnC+pjApwhg==":"2017-12-10%20(1)-611x611.png","uRaBDgZkDXBz2Qq6DkCMKg==":"284270110_100280576047711_1738402315723546720_n-820x820.jpg","HkrpufM527o9DqqEClGeeA==":"284270110_100280576047711_1738402315723546720_n-1-820x820.png","aAMOrt8uuAP9tZ3V2RmWyA==":"5105536-2685496-2000x1333.jpg","rrf0zZZybe1ziPfGvt5QoA==":"dancing-concert-while-singer-is-performing-surrounded-with-lights-1000x667.jpg","v6iwxfSS/fkyyps6jbHx7w==":"audience-applauding-speaker-after-conference-presentation-1000x667.jpg","tsdo9y/7LPNqKVqW/BrnXA==":"business-concept-with-copy-space-office-desk-table-with-pen-focus-analysis-chart-computer-notebook-cup-coffee-desk-vintage-tone-retro-filter-selective-focus-1000x667.jpg","Weh30VTv+tYo1qsFmTUK0Q==":"meeting-close-window-1000x633.jpg","ApfVh6mxGJxEpjz64MJmDA==":"business-concept-with-copy-space-office-desk-table-with-pen-focus-analysis-chart-computer-notebook-c-1000x667.png","f8UcX2T5a/ejS0pb+TcKEA==":"284270110_100280576047711_1738402315723546720_n-2-820x820.png","4OhKEbqpIyB5e5i827r2OA==":"fundo-site-1920x1080.jpg","IiL5m3XDrHhOpJooOH/Xcw==":"logo%20sem%20bungs%202.0%20(2)-142x142.png","k47Ph5C3hDyn2cvB/E5vTw==":"sites-1589x894.png","mEdsO/APzzPMU4EoolY8jw==":"m%20(2)-1000x993.png","+uyzea7iVSFoncnfnhrTzw==":"tyre-311665-1280-1050x1280.png","0JOsylwSSODP/H8weLjxDQ==":"pexels-quang-nguyen-vinh-13746769-1280x854.jpg","DlDNxyaP6xZxubhPiEZ9ag==":"pexels-quang-nguyen-vinh-13746779-2000x1181.jpg","SryBPZeT5ID5DMYJVA7e2g==":"1660139507463-1280x960.jpg","0X+lGT6y/YTIDeOgHvJVzQ==":"1660139507463-1280x960.jpeg","79y7ou40uMhYesRo9MOFIg==":"m%20(1)-142x43.png","qny8N3P+UAuZBpKtxGgOAg==":"logo%20branca%20sem%20fundo%20png-422x127.png","NeiH9vWWUgFV59slosrDOg==":"mecanico-de-automoveis-trocando-as-rodas-do-carro%20(1)-1500x1000.png","L1rlLkG4L/ub41zQSpMtJw==":"mecanico-de-automoveis-trocando-as-rodas-do-carro%20(1)%20(1)-1673x1115.png","pWNYXitlAT6HEjiQ0vMtAQ==":"mecanico-de-automoveis-trocando-as-rodas-do-carro%20(1)%20(1)-1673x1115.png","GVscCHjtX4WA1HjMVOemXw==":"mecanico-de-automoveis-trocando-as-rodas-do-carro%20(1)%20(1)-1673x1115.png","Fen/EjGKlOFn9QlgTOTf7w==":"20230917200141_%5Bfpdl.in%5D_pneus-de-carro-isolados-em-fundo-amarelo-close-up_93675-138084_medium-793x529.png","N/M7wgkp4hB4MX6gJwNP6w==":"20230917200141_%5Bfpdl.in%5D_pneus-de-carro-isolados-em-fundo-amarelo-close-up_93675-138084_medium-793x529.png","QftFxzKHJx+55mn2JQZ4Dg==":"mecanico-de-automoveis-trocando-as-rodas-do-carro%20(1)%20(1)-1673x1115.png","gci2we2XTP+8t/MshXJJpg==":"20230917200037_%5Bfpdl.in%5D_trabalhador-com-uma-roda-substituicao-da-roda-homem-de-uniforme_1157-46545_medium-793x1190.jpg","ztSL2e66ZF7s8SFqA6MzWw==":"trabalhador-com-uma-roda-substituicao-da-roda-homem-de-uniforme-515x773.jpg","uevKW9O/dmOQAQZg9ONeVA==":"mecanico-de-automoveis-trocando-as-rodas-do-carro%20(1)%20(1)-1673x1115.png","H5lrerxm1iKRA+bSzG6W0Q==":"mecanico-de-automoveis-trocando-as-rodas-do-carro%20(1)%20(1)-1673x1115.png","POMjpJWhPhfxx/QuFGvaNg==":"mecanico-de-automoveis-trocando-as-rodas-do-carro%20(1)%20(1)-1673x1115.png","SGIubX4iv1NJmlVGFyaJ0Q==":"mecanico-de-automoveis-trocando-as-rodas-do-carro%20(1)%20(1)-1673x1115.png","RDgUIxDs1m/XmlQ4le3fNQ==":"mecanico-de-automoveis-trocando-as-rodas-do-carro%20(1)%20(1)-1673x1115.png","cUKH272kRRo+k+YhfN09ow==":"20230917200235_%5Bfpdl.in%5D_tres-pneus-de-friccao-reinicializacao-de-inverno-em-um-fundo-laranja-brilhante_114160-725_medium-793x529.jpg","kSOdmpmbCG5yAjjb6qeB6g==":"20230917200235_%5Bfpdl.in%5D_tres-pneus-de-friccao-reinicializacao-de-inverno-em-um-fundo-laranja-brilhante_114160-725_medium-793x529.png","nIFC13LEOeT4LwS/MSwNPQ==":"20230917200141_%5Bfpdl.in%5D_pneus-de-carro-isolados-em-fundo-amarelo-close-up_93675-138084_medium%20(1)-793x529.png","1pQ2pY+hMDi1ba+KYFBjGQ==":"20230917200141_%5Bfpdl.in%5D_pneus-de-carro-isolados-em-fundo-amarelo-close-up_93675-138084_medium%20(1)-793x529.png","m66Chf24PJ7Z+b0hZGniIg==":"20230917200141_%5Bfpdl.in%5D_pneus-de-carro-isolados-em-fundo-amarelo-close-up_93675-138084_medium%20(1)-793x529.png","fn7jJle55oXAjcGET107cg==":"20230917200603_%5Bfpdl.in%5D_oficina-de-pneus_889227-37846_medium-793x529.jpg","tOwRrHLLSl5AR/uw91nW/A==":"20230917200506_%5Bfpdl.in%5D_pneu-sobressalente-de-caminhao-esperando-para-trocar-semi-caminhao-manutencao-e-reparo_36860-1771_medium-793x557.jpg","QFttXk+c0GuW70Pj1UyXvg==":"20230917200434_%5Bfpdl.in%5D_motorista-de-caminhao-com-o-polegar-para-cima-inspecionando-o-estado-dos-pneus-e-verificando-a-pressao_342744-1309_medium-793x529.jpg","wWbj5bBxg5tNaUmTcrDz8g==":"20230917200339_%5Bfpdl.in%5D_pedras-graves-telemovel-branco-sofisticados_1134-1152_medium-793x415.jpg","Q3i0ahyp6fseefaPUxG4AA==":"20230917200409_%5Bfpdl.in%5D_motorista-de-caminhao-caminhando-e-verificando-rodas-e-pneus-de-caminhao-manutencao-e-seguranca-de-inspecao-de-caminhao_36860-1278_medium-793x529.jpg","dKBB0n3xFyCpuez7cOGP1g==":"uniforme-de-trabalho-azul-eletricista-masculino-1000x707.jpg","CC0Ecz4R3eIxbU3r/RlZJg==":"1660139507451-1280x960.jpg","j7gJ0uzihvLexDZayHee8Q==":"20230917195721_%5Bfpdl.in%5D_cabelo-castanho-fundo-empresario-grafico-alegre_1134-1116_medium-793x560.jpg","5LgZRr73tCRH98B5WU7GHA==":"m%20(4)-254x252.png","UZ7cgTcV7JRJrIXbKqizaQ==":"m%20(5)-1000x993.png","6EUkyYpngal1GeZUmqFlmg==":"m%20(1)-110x33.png","DH5V+kDOK/N6dGeclItPlQ==":"trabalhador-com-uma-roda-substituicao-da-roda-homem-de-uniforme-904x1356.jpg","20OaSmYRmGN8AlV2oGSQWg==":"logo%20a%20(1)-220x215.png","KszaOeJGQfn6yQDl41o2Bg==":"logo%20branca%20sem%20fundo%20png-200x60.png","WtMqnVKuL3r9ISOdjZ4i0g==":"logo%20branca%20sem%20fundo%20png-200x60.png","YnMbZmobAopDi8xt6xgbUA==":"simbolo1-200x350.png","jRMY/J8PcGrnFJbCJrZmUg==":"unnamed%20(1)-360x360.png","E6Nc3/MfV9e2pGEKc7XRIQ==":"unnamed%20(1)-200x200.png","D4bFH1D5euhGVYGDWsBa+A==":"m-846x840.png","Q0MXAGKTgs7/lcnWR1CcBA==":"m%20(2)-846x840.png","qiSQxjD9SivUjNPnQ2eSrQ==":"unnamed-324x324.png","+VKbtIbIAGxwk4rawikglA==":"m-1000x993.png","cY0Ovv4oCUBDhwJQmvcKqQ==":"m%20(3)-1000x993.png","fP5itqaBLf5d9aOlh5V3DA==":"m%20(4)-1000x993.png","4oHbMTAPtKXoeae0BiXogg==":"background4.jpg","iLpzfQLsmwlKoi5GpirjQw==":"mecanico-de-automoveis-trocando-as-rodas-do-carro-1-1-1673x1115%20(1)-1069x1069.png","Odc0kcW8rkSEhp286FXLVg==":"20230917200141_%5Bfpdl.in%5D_pneus-de-carro-isolados-em-fundo-amarelo-close-up_93675-138084_medium%20(1)-793x529.png","8Dj5+uiyK2vLhCteZDexKg==":"20230917200235_%5Bfpdl.in%5D_tres-pneus-de-friccao-reinicializacao-de-inverno-em-um-fundo-laranja-brilhante_114160-725_medium-640x427.png","5jfPwSDG5wbd6L/iOB9Hmg==":"trabalhador-com-uma-roda-substituicao-da-roda-homem-de-uniforme-640x960.jpg","vcv6EPOuivT+iwQ+euQURg==":"20230917200141_%5Bfpdl.in%5D_pneus-de-carro-isolados-em-fundo-amarelo-close-up_93675-138084_medium-793x529.png","nmCOpH6YABb0NUA0Bf233A==":"background3.jpg","SetEdyyRFnrTU++073NGEA==":"background2.jpg","qXUW2NB7h5w8WhV4EshowQ==":"image2.jpg","bQl2JdY0gz0peVjwDkxifA==":"image10.jpg","mcg+Edop8IQmPHijUwn4EA==":"image4.jpg","bhAbUvwocgjdSu/+4Rst8g==":"image16.jpg","5cewfpdpdpNHibK2XXQPKQ==":"background1.jpg","0Sl3IO2DK6JzO4gLjus2oA==":"20230917200434_%5Bfpdl.in%5D_motorista-de-caminhao-com-o-polegar-para-cima-inspecionando-o-estado-dos-pneus-e-verificando-a-pressao_342744-1309_medium-640x427.jpeg","pLI18WoCVZ2hRDuE5M2fqA==":"trabalhador-com-uma-roda-substituicao-da-roda-homem-de-uniforme-640x960.jpeg","8mpcN4yhiUj4RvkfTZbNkA==":"20230917200409_%5Bfpdl.in%5D_motorista-de-caminhao-caminhando-e-verificando-rodas-e-pneus-de-caminhao-manutencao-e-seguranca-de-inspecao-de-caminhao_36860-1278_medium-640x427.jpeg","ux2+P2a9ubqwFrssAZa6fg==":"mecanico-de-automoveis-trocando-as-rodas-do-carro%20(1)%20(1)%20(1)-2000x1333.png","K/mQGwC8RQGGBHK6wXL7wA==":"pexels-quang-nguyen-vinh-13746765-1280x854.jpg","lKCITdLvQPdR1Lo4rS+/ng==":"tire-profile-4693397-1280-1280x853.jpg","ZVRhBPYuEarhlqzDsNlLXQ==":"mecanico-de-automoveis-trocando-as-rodas-do-carro-1500x1000.jpg","vcZNZ4nSbJcJ55WkFApsrQ==":"pexels-fox-1595385-1920x1280.jpg","fre3axqhi5VUaBcryMVOyA==":"m-907x901.png"}